{"cameraMode":{"drawMode":0,"name":"Shaded","section":"Shading Mode"},"sceneLighting":true,"audioPlay":false,"sceneViewState":{"showFog":true,"showMaterialUpdate":false,"showSkybox":true,"showFlares":true,"showImageEffects":true,"showParticleSystems":true},"in2DMode":false,"pivot":{"x":10.02595329284668,"y":9.49396800994873,"z":-0.14367006719112397},"rotation":{"x":-0.46841543912887576,"y":0.2926204800605774,"z":-0.1678580641746521,"w":-0.8165707588195801},"size":11.411661148071289,"orthographic":false}